parameter,value
JOB_ID,4122972
country,Israel
N,8712900
sim_weeks,12
m,0.4
beta,0.24
q,0.112481486303094
gamma,0.142857142857143
alpha,0.15625
eta,0.666666666666667
