age_group,prob_hospitalization,percent_hospitalized
0.0,2.391140196325200,0.023911401963252
1.0,1.4078928417110800,0.0140789284171108
2.0,2.1145319166736400,0.0211453191667364
3.0,3.797495589311070,0.037974955893111
4.0,5.786016377215870,0.057860163772159
5.0,9.112165444598310,0.091121654445983
6.0,16.64604766245610,0.16646047662456
7.0,29.5859942743889,0.2958599427439
8.0,45.13030528667160,0.45130305286672